site.number,site.name,country.code,Country,flag.url
001,Wythenshawe Hospital,UK,UK,https://cdn.rawgit.com/lipis/flag-icon-css/master/flags/4x3/gb.svg
002,Guy's and St Thomas' NHS Foundation Trust,UK,UK,https://cdn.rawgit.com/lipis/flag-icon-css/master/flags/4x3/gb.svg
003,Hospital for Tropical Diseases,VNM,Viet Nam,https://cdn.rawgit.com/lipis/flag-icon-css/master/flags/4x3/vn.svg
005,Sunnybrook Hospital,CAN,Canada,https://cdn.rawgit.com/lipis/flag-icon-css/master/flags/4x3/ca.svg
006,University of Liverpool,UK,UK,https://cdn.rawgit.com/lipis/flag-icon-css/master/flags/4x3/gb.svg
007,King Abdulaziz Medical City-  Riyadh,SAU,Saudi Arabia,https://cdn.rawgit.com/lipis/flag-icon-css/master/flags/4x3/sa.svg
008,Oxford University Clinical Research Unit,VNM,Viet Nam,https://cdn.rawgit.com/lipis/flag-icon-css/master/flags/4x3/vn.svg
009,Bradford Teaching Hospitals Foundation Trust,UK,UK,https://cdn.rawgit.com/lipis/flag-icon-css/master/flags/4x3/gb.svg
010,The Newcastle Upon Tyne NHS Foundation Trust,UK,UK,https://cdn.rawgit.com/lipis/flag-icon-css/master/flags/4x3/gb.svg
011,Yeovil district hospital,UK,UK,https://cdn.rawgit.com/lipis/flag-icon-css/master/flags/4x3/gb.svg
012,Security Forces Hospital Programs,SAU,Saudi Arabia,https://cdn.rawgit.com/lipis/flag-icon-css/master/flags/4x3/sa.svg
013,King Abdulaziz Medical City - Jeddah,SAU,Saudi Arabia,https://cdn.rawgit.com/lipis/flag-icon-css/master/flags/4x3/sa.svg
014,Security Forces Hospital- Riyadh,SAU,Saudi Arabia,https://cdn.rawgit.com/lipis/flag-icon-css/master/flags/4x3/sa.svg
016,King Abdulaziz Hospital - Al Ahsa,SAU,Saudi Arabia,https://cdn.rawgit.com/lipis/flag-icon-css/master/flags/4x3/sa.svg
017,King Khalid university hospital - Riyadh,SAU,Saudi Arabia,https://cdn.rawgit.com/lipis/flag-icon-css/master/flags/4x3/sa.svg
020,National Hospital Of Tropical Diseases,VNM,Viet Nam,https://cdn.rawgit.com/lipis/flag-icon-css/master/flags/4x3/vn.svg
024,Al-Noor Specialist Hospital - Makkah,SAU,Saudi Arabia,https://cdn.rawgit.com/lipis/flag-icon-css/master/flags/4x3/sa.svg
025,King Faisal Hospital Research Center - Riyadh,SAU,Saudi Arabia,https://cdn.rawgit.com/lipis/flag-icon-css/master/flags/4x3/sa.svg
031,Prince Sultan Military Medical City Riyadh,SAU,Saudi Arabia,https://cdn.rawgit.com/lipis/flag-icon-css/master/flags/4x3/sa.svg
032,St Helens & Knowsley Teaching Hospitals NHS Trust,UK,UK,https://cdn.rawgit.com/lipis/flag-icon-css/master/flags/4x3/gb.svg
033,King Saud Medical City - Riyadh,SAU,Saudi Arabia,https://cdn.rawgit.com/lipis/flag-icon-css/master/flags/4x3/sa.svg
034,King Fahad Medical City - Riyadh,SAU,Saudi Arabia,https://cdn.rawgit.com/lipis/flag-icon-css/master/flags/4x3/sa.svg
035,King Fahad Armed Forces Hospital - Jeddah,SAU,Saudi Arabia,https://cdn.rawgit.com/lipis/flag-icon-css/master/flags/4x3/sa.svg
037,King Fahad  Hospital - Jeddah,SAU,Saudi Arabia,https://cdn.rawgit.com/lipis/flag-icon-css/master/flags/4x3/sa.svg
038,King Faisal Hospital Research Center - Jeddah,SAU,Saudi Arabia,https://cdn.rawgit.com/lipis/flag-icon-css/master/flags/4x3/sa.svg
040,LSHTM,UK,UK,https://cdn.rawgit.com/lipis/flag-icon-css/master/flags/4x3/gb.svg
041,University of Nebraska Medical Center,USA,USA,https://cdn.rawgit.com/lipis/flag-icon-css/master/flags/4x3/us.svg
043,Infectious Disease Clinical Research Program,USA,USA,https://cdn.rawgit.com/lipis/flag-icon-css/master/flags/4x3/us.svg
045,University of Michigan,USA,USA,https://cdn.rawgit.com/lipis/flag-icon-css/master/flags/4x3/us.svg
054,Massachusetts General Hospital,USA,USA,https://cdn.rawgit.com/lipis/flag-icon-css/master/flags/4x3/us.svg
055,The Mexican Emerging Infectious Diseases Clinical,MEX,Mexico,https://cdn.rawgit.com/lipis/flag-icon-css/master/flags/4x3/mx.svg
058,Basildon and Thurrock University Hospitals NHS,UK,UK,https://cdn.rawgit.com/lipis/flag-icon-css/master/flags/4x3/gb.svg
059,Manchester Royal Infirmary,UK,UK,https://cdn.rawgit.com/lipis/flag-icon-css/master/flags/4x3/gb.svg
060,BC Children's,CAN,Canada,https://cdn.rawgit.com/lipis/flag-icon-css/master/flags/4x3/ca.svg
062,St Vincents University Hospital-  University College,IRL,Ireland,https://cdn.rawgit.com/lipis/flag-icon-css/master/flags/4x3/ie.svg
063,The Queens Medical Center,USA,USA,https://cdn.rawgit.com/lipis/flag-icon-css/master/flags/4x3/us.svg
068,Prince  Sultan Military Medical City - ICS Dep,SAU,Saudi Arabia,https://cdn.rawgit.com/lipis/flag-icon-css/master/flags/4x3/sa.svg
070,AlNoor Specialist Hospital,SAU,Saudi Arabia,https://cdn.rawgit.com/lipis/flag-icon-css/master/flags/4x3/sa.svg
071,Seoul center for infectious disease control,KOR,South Korea,https://cdn.rawgit.com/lipis/flag-icon-css/master/flags/4x3/kr.svg
074,King Khalid University Hospital Riyadh,SAU,Saudi Arabia,https://cdn.rawgit.com/lipis/flag-icon-css/master/flags/4x3/sa.svg
075,Assistance Publique Hopitaux de Paris,FRA,France,https://cdn.rawgit.com/lipis/flag-icon-css/master/flags/4x3/fr.svg
076,Asan Medical Center,KOR,South Korea,https://cdn.rawgit.com/lipis/flag-icon-css/master/flags/4x3/kr.svg
078,Dieppe Community Hospital,FRA,France,https://cdn.rawgit.com/lipis/flag-icon-css/master/flags/4x3/fr.svg
079,LariboisiA re Hospital,FRA,France,https://cdn.rawgit.com/lipis/flag-icon-css/master/flags/4x3/fr.svg
080,Helsinki University Central,FIN,Finland,https://cdn.rawgit.com/lipis/flag-icon-css/master/flags/4x3/fi.svg
081,Tampere University Hospital,FIN,Finland,https://cdn.rawgit.com/lipis/flag-icon-css/master/flags/4x3/fi.svg
082,Seinajoki Central Hospital,FIN,Finland,https://cdn.rawgit.com/lipis/flag-icon-css/master/flags/4x3/fi.svg
083,Oulu University Hospital,FIN,Finland,https://cdn.rawgit.com/lipis/flag-icon-css/master/flags/4x3/fi.svg
084,JYVÄSKYLÄ Central Hospital,FIN,Finland,https://cdn.rawgit.com/lipis/flag-icon-css/master/flags/4x3/fi.svg
085,Turku University Hospital,FIN,Finland,https://cdn.rawgit.com/lipis/flag-icon-css/master/flags/4x3/fi.svg
086,Vancouver General Hospital,CAN,Canada,https://cdn.rawgit.com/lipis/flag-icon-css/master/flags/4x3/ca.svg
087,South Karelia Central Hospital,FIN,Finland,https://cdn.rawgit.com/lipis/flag-icon-css/master/flags/4x3/fi.svg
088,FootHills Hospital,CAN,Canada,https://cdn.rawgit.com/lipis/flag-icon-css/master/flags/4x3/ca.svg
089,Alberta Children's Hospital,CAN,Canada,https://cdn.rawgit.com/lipis/flag-icon-css/master/flags/4x3/ca.svg
090,Community Hospital Sud Essonne -ETAMPES,FRA,France,https://cdn.rawgit.com/lipis/flag-icon-css/master/flags/4x3/fr.svg
091,Department of Intensive care Medicine 4131,DEN,Denmark,https://cdn.rawgit.com/lipis/flag-icon-css/master/flags/4x3/dk.svg
092,St Michael's Hospital,CAN,Canada,https://cdn.rawgit.com/lipis/flag-icon-css/master/flags/4x3/ca.svg
093,Rouen Hospital,FRA,France,https://cdn.rawgit.com/lipis/flag-icon-css/master/flags/4x3/fr.svg
095,Mount Sinai Hospital,CAN,Canada,https://cdn.rawgit.com/lipis/flag-icon-css/master/flags/4x3/ca.svg
096,La Roche sur Yon Hospital,FRA,France,https://cdn.rawgit.com/lipis/flag-icon-css/master/flags/4x3/fr.svg
097,The Hospital for Sick Kids,CAN,Canada,https://cdn.rawgit.com/lipis/flag-icon-css/master/flags/4x3/ca.svg
098,Chu Dupuytren,FRA,France,https://cdn.rawgit.com/lipis/flag-icon-css/master/flags/4x3/fr.svg
099,Brampton Civic Hospital,CAN,Canada,https://cdn.rawgit.com/lipis/flag-icon-css/master/flags/4x3/ca.svg
101,Groupe Hospitalier Paris Saint Joseph,FRA,France,https://cdn.rawgit.com/lipis/flag-icon-css/master/flags/4x3/fr.svg
102,Ch De Meaux,FRA,France,https://cdn.rawgit.com/lipis/flag-icon-css/master/flags/4x3/fr.svg
103,The Ottawa Hospital,CAN,Canada,https://cdn.rawgit.com/lipis/flag-icon-css/master/flags/4x3/ca.svg
104,Toronto East General Hospital,CAN,Canada,https://cdn.rawgit.com/lipis/flag-icon-css/master/flags/4x3/ca.svg
106,CHU Clermont Ferrand,FRA,France,https://cdn.rawgit.com/lipis/flag-icon-css/master/flags/4x3/fr.svg
108,Humber River Regional Hospital,CAN,Canada,https://cdn.rawgit.com/lipis/flag-icon-css/master/flags/4x3/ca.svg
109,Fleyriat Hospital,FRA,France,https://cdn.rawgit.com/lipis/flag-icon-css/master/flags/4x3/fr.svg
110,Alice Ho Miu Ling Nethersole Hospital,HKG,Hong Kong,https://cdn.rawgit.com/lipis/flag-icon-css/master/flags/4x3/hk.svg
111,Niagara Health System,CAN,Canada,https://cdn.rawgit.com/lipis/flag-icon-css/master/flags/4x3/ca.svg
112,Regional Hospital Centre,FRA,France,https://cdn.rawgit.com/lipis/flag-icon-css/master/flags/4x3/fr.svg
113,National Institute of Medical Science and Nutrition,MEX,Mexico,https://cdn.rawgit.com/lipis/flag-icon-css/master/flags/4x3/mx.svg
114,National Institute of Pediatrics,MEX,Mexico,https://cdn.rawgit.com/lipis/flag-icon-css/master/flags/4x3/mx.svg
115,National Institute of Respiratory Diseases,MEX,Mexico,https://cdn.rawgit.com/lipis/flag-icon-css/master/flags/4x3/mx.svg
116,Children's Hospital of Mexico FG,MEX,Mexico,https://cdn.rawgit.com/lipis/flag-icon-css/master/flags/4x3/mx.svg
117,"Hospital Central ""Dr. Ignacio Morones Prieto""",MEX,Mexico,https://cdn.rawgit.com/lipis/flag-icon-css/master/flags/4x3/mx.svg
118,CHU Sainte-Justine,CAN,Canada,https://cdn.rawgit.com/lipis/flag-icon-css/master/flags/4x3/ca.svg
119,NSHA - Queen Elizbeth II HSC,CAN,Canada,https://cdn.rawgit.com/lipis/flag-icon-css/master/flags/4x3/ca.svg
120,Calmette Hospital,KHM,Cambodia,https://cdn.rawgit.com/lipis/flag-icon-css/master/flags/4x3/kh.svg
121,Khmer Soviet Friendship Hospital,KHM,Cambodia,https://cdn.rawgit.com/lipis/flag-icon-css/master/flags/4x3/kh.svg
122,Takeo Provincial Hospital,KHM,Cambodia,https://cdn.rawgit.com/lipis/flag-icon-css/master/flags/4x3/kh.svg
123,Kampong Cham Provincial Hospital,KHM,Cambodia,https://cdn.rawgit.com/lipis/flag-icon-css/master/flags/4x3/kh.svg
124,National Pediatric Hospital,KHM,Cambodia,https://cdn.rawgit.com/lipis/flag-icon-css/master/flags/4x3/kh.svg
125,CHUM,CAN,Canada,https://cdn.rawgit.com/lipis/flag-icon-css/master/flags/4x3/ca.svg
127,Royal Free Hospital  NHS Foundation Trust,UK,UK,https://cdn.rawgit.com/lipis/flag-icon-css/master/flags/4x3/gb.svg
128,Barts Health NHS Trust,UK,UK,https://cdn.rawgit.com/lipis/flag-icon-css/master/flags/4x3/gb.svg
129,King George's Medical University U.P,IND,India,https://cdn.rawgit.com/lipis/flag-icon-css/master/flags/4x3/in.svg
130,University Hospital Southampton NHS Foundation,UK,UK,https://cdn.rawgit.com/lipis/flag-icon-css/master/flags/4x3/gb.svg
131,Centre Hospitalier Universitaire de Sherbrooke,CAN,Canada,https://cdn.rawgit.com/lipis/flag-icon-css/master/flags/4x3/ca.svg
132,Queens Medical Centre- Nottingham University Hospital,UK,UK,https://cdn.rawgit.com/lipis/flag-icon-css/master/flags/4x3/gb.svg
133,Leeds Teaching Hospitals NHS Trust,UK,UK,https://cdn.rawgit.com/lipis/flag-icon-css/master/flags/4x3/gb.svg
134,Christchurch Hospital,NZL,New Zealand,https://cdn.rawgit.com/lipis/flag-icon-css/master/flags/4x3/nz.svg
135,University Hospitals Birmingham,UK,UK,https://cdn.rawgit.com/lipis/flag-icon-css/master/flags/4x3/gb.svg
136,Great Ormond Street Hospital for Children,UK,UK,https://cdn.rawgit.com/lipis/flag-icon-css/master/flags/4x3/gb.svg
138,Waikato Hospital,NZL,New Zealand,https://cdn.rawgit.com/lipis/flag-icon-css/master/flags/4x3/nz.svg
139,Alder Hey Childrens NHS Foundation Trust,UK,UK,https://cdn.rawgit.com/lipis/flag-icon-css/master/flags/4x3/gb.svg
141,Imperial College Healthcare NHS Trust,UK,UK,https://cdn.rawgit.com/lipis/flag-icon-css/master/flags/4x3/gb.svg
144,Papworth Hospital NHS Trust,UK,UK,https://cdn.rawgit.com/lipis/flag-icon-css/master/flags/4x3/gb.svg
148,Auckland City Hospital (CVICU ),NZL,New Zealand,https://cdn.rawgit.com/lipis/flag-icon-css/master/flags/4x3/nz.svg
149,The Alfred Hospital,AUS,Australia,https://cdn.rawgit.com/lipis/flag-icon-css/master/flags/4x3/au.svg
150,Tauranga Hospital,NZL,New Zealand,https://cdn.rawgit.com/lipis/flag-icon-css/master/flags/4x3/nz.svg
151,Institut Pasteur de Madagascar,MDG,Madagascar,https://cdn.rawgit.com/lipis/flag-icon-css/master/flags/4x3/mg.svg
152,Auckland City Hospital (DCCM 82),NZL,New Zealand,https://cdn.rawgit.com/lipis/flag-icon-css/master/flags/4x3/nz.svg
153,Middlemore Hospital,NZL,New Zealand,https://cdn.rawgit.com/lipis/flag-icon-css/master/flags/4x3/nz.svg
155,Concord Hospital,NSW,Australia,https://cdn.rawgit.com/lipis/flag-icon-css/master/flags/4x3/au.svg
157,Keimyung University Dongsan Hospital,KOR,South Korea,https://cdn.rawgit.com/lipis/flag-icon-css/master/flags/4x3/kr.svg
158,Wellington Regional Hospital,NZL,New Zealand,https://cdn.rawgit.com/lipis/flag-icon-css/master/flags/4x3/nz.svg
159,KyungHee University Medical Center,KOR,South Korea,https://cdn.rawgit.com/lipis/flag-icon-css/master/flags/4x3/kr.svg
160,National Medical Center,KOR,South Korea,https://cdn.rawgit.com/lipis/flag-icon-css/master/flags/4x3/kr.svg
161,Hallym University Kangnam Sacred Heart Hospital,KOR,South Korea,https://cdn.rawgit.com/lipis/flag-icon-css/master/flags/4x3/kr.svg
162,Rockingham Hospital,AUS,Australia,https://cdn.rawgit.com/lipis/flag-icon-css/master/flags/4x3/au.svg
163,Inha University Hospital,KOR,South Korea,https://cdn.rawgit.com/lipis/flag-icon-css/master/flags/4x3/kr.svg
165,Wonju severance christian hospital,KOR,South Korea,https://cdn.rawgit.com/lipis/flag-icon-css/master/flags/4x3/kr.svg
166,Royal Darwin Hospital,AUS,Australia,https://cdn.rawgit.com/lipis/flag-icon-css/master/flags/4x3/au.svg
167,University Hospitals of Leicester NHS Trust,UK,UK,https://cdn.rawgit.com/lipis/flag-icon-css/master/flags/4x3/gb.svg
168,Kamuzu Central Hospital-  Lilongwe,MAL,Malawi,https://cdn.rawgit.com/lipis/flag-icon-css/master/flags/4x3/mw.svg
169,University Teaching Hospital of Kigali,RWA,Rwanda,https://cdn.rawgit.com/lipis/flag-icon-css/master/flags/4x3/rw.svg
170,Queen Mary Hospital the University of Hong Kong,HK,Hong Kong,https://cdn.rawgit.com/lipis/flag-icon-css/master/flags/4x3/hk.svg
171,Kingston General Hospital,CAN,Canada,https://cdn.rawgit.com/lipis/flag-icon-css/master/flags/4x3/ca.svg
172,Toronto General Hospital,CAN,Canada,https://cdn.rawgit.com/lipis/flag-icon-css/master/flags/4x3/ca.svg
173,University Teaching Hospital of Butare,RWA,Rwanda,https://cdn.rawgit.com/lipis/flag-icon-css/master/flags/4x3/rw.svg
174,Kijabe mission hospital,KEN,Kenya,https://cdn.rawgit.com/lipis/flag-icon-css/master/flags/4x3/ke.svg
175,University of Pittsburgh School of Medicine,USA,USA,https://cdn.rawgit.com/lipis/flag-icon-css/master/flags/4x3/us.svg
176,Torbay & South Devon NHS Foundation Trust,UK,UK,https://cdn.rawgit.com/lipis/flag-icon-css/master/flags/4x3/gb.svg
177,St Vincent's Hospital Melbourne,AUS,Australia,https://cdn.rawgit.com/lipis/flag-icon-css/master/flags/4x3/au.svg
178,Starship Hospital,NZL,New Zealand,https://cdn.rawgit.com/lipis/flag-icon-css/master/flags/4x3/nz.svg
179,Princess Margaret Hospital,NZL,New Zealand,https://cdn.rawgit.com/lipis/flag-icon-css/master/flags/4x3/nz.svg
180,Sanggye Paik Hospital-  College of Medicine,KOR,South Korea,https://cdn.rawgit.com/lipis/flag-icon-css/master/flags/4x3/kr.svg
182,Korea University Ansan Hospital,KOR,South Korea,https://cdn.rawgit.com/lipis/flag-icon-css/master/flags/4x3/kr.svg
186,Chonbuk National University Hospital,KOR,South Korea,https://cdn.rawgit.com/lipis/flag-icon-css/master/flags/4x3/kr.svg
187,Aga Khan University,PAK,Pakistan,https://cdn.rawgit.com/lipis/flag-icon-css/master/flags/4x3/pk.svg
189,Royal Perth Hospital,AUS,Australia,https://cdn.rawgit.com/lipis/flag-icon-css/master/flags/4x3/au.svg
190,Sir Charles Gairdner Hospital,AUS,Australia,https://cdn.rawgit.com/lipis/flag-icon-css/master/flags/4x3/au.svg
191,Joondalup Health Campus,AUS,Australia,https://cdn.rawgit.com/lipis/flag-icon-css/master/flags/4x3/au.svg
192,The Royal Liverpool & Broadgreen University Hospital Trust,UK,UK,https://cdn.rawgit.com/lipis/flag-icon-css/master/flags/4x3/gb.svg
193,Hanyang University Guri Hospital,KOR,South Korea,https://cdn.rawgit.com/lipis/flag-icon-css/master/flags/4x3/kr.svg
194,The Royal Victoria Infirmary in Newcastle,UK,UK,https://cdn.rawgit.com/lipis/flag-icon-css/master/flags/4x3/gb.svg
198,Hallym University Kangnam Sacred Hospita- KOR,KOR,South Korea,https://cdn.rawgit.com/lipis/flag-icon-css/master/flags/4x3/kr.svg
199,Hospital General Manuel Gea Gonzalez (LaRED)- Mexico,MEX,Mexico,https://cdn.rawgit.com/lipis/flag-icon-css/master/flags/4x3/mx.svg
200,St John of God Hospital- Murdoch,AUS,Australia,https://cdn.rawgit.com/lipis/flag-icon-css/master/flags/4x3/au.svg
201,Kingston Health Sciences Centre,AUS,Australia,https://cdn.rawgit.com/lipis/flag-icon-css/master/flags/4x3/au.svg
202,McMaster University,CAN,Canada,https://cdn.rawgit.com/lipis/flag-icon-css/master/flags/4x3/ca.svg
203,Galway Hospital,IRL,Ireland,https://cdn.rawgit.com/lipis/flag-icon-css/master/flags/4x3/ie.svg
204,King Saud bin Abdulaziz University for Health Sciences,SAU,Saudi Arabia,https://cdn.rawgit.com/lipis/flag-icon-css/master/flags/4x3/sa.svg
205,LaRED,MEX,Mexico,https://cdn.rawgit.com/lipis/flag-icon-css/master/flags/4x3/mx.svg
206,Hospital del Mar,SPA,Spain,https://cdn.rawgit.com/lipis/flag-icon-css/master/flags/4x3/es.svg
207,Institute of TB and Lung Diseases,POL,Poland,https://cdn.rawgit.com/lipis/flag-icon-css/master/flags/4x3/pl.svg
208,Alberta Children's Hospital,CAN,Canada,https://cdn.rawgit.com/lipis/flag-icon-css/master/flags/4x3/ca.svg
209,Centre hospitalier de l'université de Montréal,CAN,Canada,https://cdn.rawgit.com/lipis/flag-icon-css/master/flags/4x3/ca.svg
210,Vancouver General Hospital,CAN,Canada,https://cdn.rawgit.com/lipis/flag-icon-css/master/flags/4x3/ca.svg
211,Mount Sinai Hospital,CAN,Canada,https://cdn.rawgit.com/lipis/flag-icon-css/master/flags/4x3/ca.svg
212,North York General Hospital,CAN,Canada,https://cdn.rawgit.com/lipis/flag-icon-css/master/flags/4x3/ca.svg
213,Michael Garron Hospital,CAN,Canada,https://cdn.rawgit.com/lipis/flag-icon-css/master/flags/4x3/ca.svg
214,Joseph Brant Hospital,CAN,Canada,https://cdn.rawgit.com/lipis/flag-icon-css/master/flags/4x3/ca.svg
215,William Osler Health Sciences System,CAN,Canada,https://cdn.rawgit.com/lipis/flag-icon-css/master/flags/4x3/ca.svg
216,CHUS- Sherbrooke,CAN,Canada,https://cdn.rawgit.com/lipis/flag-icon-css/master/flags/4x3/ca.svg
217,St Joseph's Health Center,CAN,Canada,https://cdn.rawgit.com/lipis/flag-icon-css/master/flags/4x3/ca.svg
218,University Health Network,CAN,Canada,https://cdn.rawgit.com/lipis/flag-icon-css/master/flags/4x3/ca.svg
219,Pasteur Institute of Algeria,ALG,Algeria,https://cdn.rawgit.com/lipis/flag-icon-css/master/flags/4x3/dz.svg
220,Harborview Medical Center,USA,USA,https://cdn.rawgit.com/lipis/flag-icon-css/master/flags/4x3/us.svg
221,University of Washington Medical Center - Montlake,USA,USA,https://cdn.rawgit.com/lipis/flag-icon-css/master/flags/4x3/us.svg
222,University of Washington Medical Center – Northwest,USA,USA,https://cdn.rawgit.com/lipis/flag-icon-css/master/flags/4x3/us.svg
223,Royal Darwin,AUS,Australia,https://cdn.rawgit.com/lipis/flag-icon-css/master/flags/4x3/au.svg
224,Rambam Hospital,ISR,Israel,https://cdn.rawgit.com/lipis/flag-icon-css/master/flags/4x3/il.svg
225,AIIMS- India,IND,India,https://cdn.rawgit.com/lipis/flag-icon-css/master/flags/4x3/in.svg
226,University Clinic of Respiratory and Allergic Diseases- Slovenia,SLV,Slovenia,https://cdn.rawgit.com/lipis/flag-icon-css/master/flags/4x3/si.svg
227,INSERM,FRA,France,https://cdn.rawgit.com/lipis/flag-icon-css/master/flags/4x3/fr.svg
228,Orillia Soldier's Memorial,CAN,Canada,https://cdn.rawgit.com/lipis/flag-icon-css/master/flags/4x3/ca.svg
229,Robert Koch Institute,GER,Germany,https://cdn.rawgit.com/lipis/flag-icon-css/master/flags/4x3/de.svg
230,Ministry of Health and Medical Services- Kiribati,KIR,Kiribati,https://cdn.rawgit.com/lipis/flag-icon-css/master/flags/4x3/ki.svg
231,Epidemiology Surveillance Unit- Ministry of Public Health- Lebanon,LEB,Lebanon,https://cdn.rawgit.com/lipis/flag-icon-css/master/flags/4x3/lb.svg
232,Finnish Institute for Health and Welfare (THL),FIN,Finland,https://cdn.rawgit.com/lipis/flag-icon-css/master/flags/4x3/fi.svg
233,Guizhou Traditional Chinese Medicine Hospital,CHN,China,https://cdn.rawgit.com/lipis/flag-icon-css/master/flags/4x3/cn.svg
234,Chinese University of Hong Kong,CHN,China,https://cdn.rawgit.com/lipis/flag-icon-css/master/flags/4x3/cn.svg
235,Brighton and Sussex University Hospitals NHS Trust,UK,UK,https://cdn.rawgit.com/lipis/flag-icon-css/master/flags/4x3/gb.svg
236,University Hospital Frankfurt,GER,Germany,https://cdn.rawgit.com/lipis/flag-icon-css/master/flags/4x3/de.svg
237,Monash University,AUS,Australia,https://cdn.rawgit.com/lipis/flag-icon-css/master/flags/4x3/au.svg
238,Central Epidemiology Unit- Ministry of Health and Sports,MYA,Burma,https://cdn.rawgit.com/lipis/flag-icon-css/master/flags/4x3/mm.svg
239,UMC Utrecht,NL,Netherlands,https://cdn.rawgit.com/lipis/flag-icon-css/master/flags/4x3/nl.svg
240,Northern Devon Healthcare Trust,UK,UK,https://cdn.rawgit.com/lipis/flag-icon-css/master/flags/4x3/gb.svg
241,Oslo University Hospitals,NOR,Norway,https://cdn.rawgit.com/lipis/flag-icon-css/master/flags/4x3/no.svg
242,University of Pisa,ITA,Italy,https://cdn.rawgit.com/lipis/flag-icon-css/master/flags/4x3/it.svg
243,Kettering General Hospital NHS Foundation Trust,UK,UK,https://cdn.rawgit.com/lipis/flag-icon-css/master/flags/4x3/gb.svg
244,Children's Hospital- Ottawa,CAN,Canada,https://cdn.rawgit.com/lipis/flag-icon-css/master/flags/4x3/ca.svg
245,Gloucester Royal Hospital,UK,UK,https://cdn.rawgit.com/lipis/flag-icon-css/master/flags/4x3/gb.svg
246,University of Manitoba,CAN,Canada,https://cdn.rawgit.com/lipis/flag-icon-css/master/flags/4x3/ca.svg
247,La Paz Hospital,SPA,Spain,https://cdn.rawgit.com/lipis/flag-icon-css/master/flags/4x3/es.svg
248,Centre Hospitalier de Tourcoing,FRA,France,https://cdn.rawgit.com/lipis/flag-icon-css/master/flags/4x3/fr.svg
249,Glenfield Hospital,UK,UK,https://cdn.rawgit.com/lipis/flag-icon-css/master/flags/4x3/gb.svg
250,Keijinkai Hospital,JPN,Japan,https://cdn.rawgit.com/lipis/flag-icon-css/master/flags/4x3/jp.svg
251,Aberdeen Royal Infirmary,NED,Netherlands,https://cdn.rawgit.com/lipis/flag-icon-css/master/flags/4x3/nl.svg
252,Canisius Wilhelmina Ziekenhuis,NED,Netherlands,https://cdn.rawgit.com/lipis/flag-icon-css/master/flags/4x3/nl.svg
253,253-Fondazione IRCCS Ca,ITA,Italy,https://cdn.rawgit.com/lipis/flag-icon-css/master/flags/4x3/it.svg
254,Ninewells Hospital,UK,UK,https://cdn.rawgit.com/lipis/flag-icon-css/master/flags/4x3/gb.svg
255,"CWZ academie, RSO",NED,Netherlands,https://cdn.rawgit.com/lipis/flag-icon-css/master/flags/4x3/nl.svg
256,Institute of Biomedicine of Seville,SPA,Spain,https://cdn.rawgit.com/lipis/flag-icon-css/master/flags/4x3/es.svg
257,West Suffolk Hospital,UK,UK,https://cdn.rawgit.com/lipis/flag-icon-css/master/flags/4x3/gb.svg
258,National University Hospital,SIN,Singapore,https://cdn.rawgit.com/lipis/flag-icon-css/master/flags/4x3/sg.svg
259,Tan Tock Seng Hospital,SIN,Singapore,https://cdn.rawgit.com/lipis/flag-icon-css/master/flags/4x3/sg.svg
260,The Princess Alexandra Hospital,UK,UK,https://cdn.rawgit.com/lipis/flag-icon-css/master/flags/4x3/gb.svg
261,Queen Elizabeth Hospital,UK,UK,https://cdn.rawgit.com/lipis/flag-icon-css/master/flags/4x3/gb.svg
262,Royal Berkshire Hospital,UK,UK,https://cdn.rawgit.com/lipis/flag-icon-css/master/flags/4x3/gb.svg
263,King's College Hospital,UK,UK,https://cdn.rawgit.com/lipis/flag-icon-css/master/flags/4x3/gb.svg
264,"Hospital Universitari Vall d'Hebron, Spain",SPA,Spain,https://cdn.rawgit.com/lipis/flag-icon-css/master/flags/4x3/es.svg
265,COVID19 Task force Bahrain,BAH,Bahrain,https://cdn.rawgit.com/lipis/flag-icon-css/master/flags/4x3/bh.svg
266,IRCCS Gaslini,ITA,Italy,https://cdn.rawgit.com/lipis/flag-icon-css/master/flags/4x3/it.svg
267,University Hospitals Coventry and Warwickshire,UK,UK,https://cdn.rawgit.com/lipis/flag-icon-css/master/flags/4x3/gb.svg
268,Ospidale Niguarda,ITA,Italy,https://cdn.rawgit.com/lipis/flag-icon-css/master/flags/4x3/it.svg
269,CIRG Edinburgh,UK,UK,https://cdn.rawgit.com/lipis/flag-icon-css/master/flags/4x3/gb.svg
270,Royal Infirmary of Edinburgh,UK,UK,https://cdn.rawgit.com/lipis/flag-icon-css/master/flags/4x3/gb.svg
271,University of Padua,ITA,Italy,https://cdn.rawgit.com/lipis/flag-icon-css/master/flags/4x3/it.svg
272,"IMIBIC, Cordoba",SPA,Spain,https://cdn.rawgit.com/lipis/flag-icon-css/master/flags/4x3/es.svg
273,University Hospital of North Tees,UK,UK,https://cdn.rawgit.com/lipis/flag-icon-css/master/flags/4x3/gb.svg
274,Epsom & St Helier NHSFT,UK,UK,https://cdn.rawgit.com/lipis/flag-icon-css/master/flags/4x3/gb.svg
275,Fondazione Policlinico Universitario Agostino Gemelli IRCCS,ITA,Italy,https://cdn.rawgit.com/lipis/flag-icon-css/master/flags/4x3/it.svg
276,National Institute of Infectious Diseases,ROM,Romania,https://cdn.rawgit.com/lipis/flag-icon-css/master/flags/4x3/nl.svg
277,UNIBS,ITA,Italy,https://cdn.rawgit.com/lipis/flag-icon-css/master/flags/4x3/it.svg
278,CTK,GER,Germany,https://cdn.rawgit.com/lipis/flag-icon-css/master/flags/4x3/de.svg
279,Imperial College Healthcare,UK,UK,https://cdn.rawgit.com/lipis/flag-icon-css/master/flags/4x3/gb.svg
280,Hereford Hospital,UK,UK,https://cdn.rawgit.com/lipis/flag-icon-css/master/flags/4x3/gb.svg
281,Maastricht University Medical Centre,NED,Netherlands,https://cdn.rawgit.com/lipis/flag-icon-css/master/flags/4x3/nl.svg
282,Ospedale Molinette Torino,ITA,Italy,https://cdn.rawgit.com/lipis/flag-icon-css/master/flags/4x3/it.svg
283,Oregon Health & Science University,USA,USA,https://cdn.rawgit.com/lipis/flag-icon-css/master/flags/4x3/us.svg
284,University of Queensland,AUS,Australia,https://cdn.rawgit.com/lipis/flag-icon-css/master/flags/4x3/au.svg
285,Tergooi Hospital,NED,Netherlands,https://cdn.rawgit.com/lipis/flag-icon-css/master/flags/4x3/nl.svg
286,Franciscus Gasthuis & Vlietland,NED,Netherlands,https://cdn.rawgit.com/lipis/flag-icon-css/master/flags/4x3/nl.svg
287,Meander Medical Centre,NED,Netherlands,https://cdn.rawgit.com/lipis/flag-icon-css/master/flags/4x3/nl.svg
288,"Hospital Clinic, Barcelona",SPA,Spain,https://cdn.rawgit.com/lipis/flag-icon-css/master/flags/4x3/es.svg
289,"Barking, Havering & Redbridge NHSFT",UK,UK,https://cdn.rawgit.com/lipis/flag-icon-css/master/flags/4x3/gb.svg
290,Flevoziekenhuis,NED,Netherlands,https://cdn.rawgit.com/lipis/flag-icon-css/master/flags/4x3/nl.svg
291,Columbia University,USA,USA,https://cdn.rawgit.com/lipis/flag-icon-css/master/flags/4x3/us.svg
292,Beaumont Hospital,IRE,Ireland,https://cdn.rawgit.com/lipis/flag-icon-css/master/flags/4x3/ro.svg
293,Norfolk & Norwich NHSFT,UK,UK,https://cdn.rawgit.com/lipis/flag-icon-css/master/flags/4x3/gb.svg
294,Klinik für Innere Medizin II,GER,Germany,https://cdn.rawgit.com/lipis/flag-icon-css/master/flags/4x3/de.svg
295,ALICE,ITA,Italy,https://cdn.rawgit.com/lipis/flag-icon-css/master/flags/4x3/it.svg
296,"Universitair Ziekenhuis Gent, Belgium",BEL,Belgium,https://cdn.rawgit.com/lipis/flag-icon-css/master/flags/4x3/be.svg
297,North Cumbria Integrated Care NHS Foundation Trust,UK,UK,https://cdn.rawgit.com/lipis/flag-icon-css/master/flags/4x3/gb.svg
298,Hospital Vall D Hebron,SPA,Spain,https://cdn.rawgit.com/lipis/flag-icon-css/master/flags/4x3/es.svg
299,Birmingham Heartlands Hospital,UK,UK,https://cdn.rawgit.com/lipis/flag-icon-css/master/flags/4x3/gb.svg
300,Prince Philip Hospital,UK,UK,https://cdn.rawgit.com/lipis/flag-icon-css/master/flags/4x3/gb.svg
301,Arrowe Park Hospital,UK,UK,https://cdn.rawgit.com/lipis/flag-icon-css/master/flags/4x3/gb.svg
302,Cardiff & Vale University Health Board,UK,UK,https://cdn.rawgit.com/lipis/flag-icon-css/master/flags/4x3/gb.svg
303,"Permanent Mission of the Slovak republic to the UN, Geneva",SLO,Slovakia,https://cdn.rawgit.com/lipis/flag-icon-css/master/flags/4x3/sk.svg
304,Medical University of Warsaw,POL,Poland,https://cdn.rawgit.com/lipis/flag-icon-css/master/flags/4x3/pl.svg
305,Sandwell & West Birmingham NHST,UK,UK,https://cdn.rawgit.com/lipis/flag-icon-css/master/flags/4x3/gb.svg
306,East Lancashire NHS Trust,UK,UK,https://cdn.rawgit.com/lipis/flag-icon-css/master/flags/4x3/gb.svg
307,Pamela Youde Nethersole Eastern Hospital,HK,Hong Kong,https://cdn.rawgit.com/lipis/flag-icon-css/master/flags/4x3/hk.svg
308,Victoria Hospital Kirkcaldy,UK,UK,https://cdn.rawgit.com/lipis/flag-icon-css/master/flags/4x3/gb.svg
309,National and Kapodistrian University of Athens,GRE,Greece,https://cdn.rawgit.com/lipis/flag-icon-css/master/flags/4x3/gr.svg
310,Department für Innere Medizin,AUT,Austria,https://cdn.rawgit.com/lipis/flag-icon-css/master/flags/4x3/at.svg
311,Hospital Metropolitano de Santiago,DOM,Dominican Republic,https://cdn.rawgit.com/lipis/flag-icon-css/master/flags/4x3/do.svg
312,Heidelberg Institute for Global Health,GER,Germany,https://cdn.rawgit.com/lipis/flag-icon-css/master/flags/4x3/de.svg
313,NYP Cornell,USA,USA,https://cdn.rawgit.com/lipis/flag-icon-css/master/flags/4x3/us.svg
314,Tallaght University Hospital,IRE,Ireland,https://cdn.rawgit.com/lipis/flag-icon-css/master/flags/4x3/ro.svg
315,"Faculty of Medicine, Linkonping University Hospital",SWE,Sweden,https://cdn.rawgit.com/lipis/flag-icon-css/master/flags/4x3/se.svg
316,"Department of Biomedical and Hospital, Iran",IRA,Iran,https://cdn.rawgit.com/lipis/flag-icon-css/master/flags/4x3/ir.svg
317,Royal Victoria Hospital,CAN,Canada,https://cdn.rawgit.com/lipis/flag-icon-css/master/flags/4x3/ca.svg
318,Montreal General Hospital,CAN,Canada,https://cdn.rawgit.com/lipis/flag-icon-css/master/flags/4x3/ca.svg
319,Hospital Curry Cabral,POR,Portugal,https://cdn.rawgit.com/lipis/flag-icon-css/master/flags/4x3/pt.svg
320,EMERGE - Emergency Medicine Research Group Edinburgh,UK,UK,https://cdn.rawgit.com/lipis/flag-icon-css/master/flags/4x3/gb.svg
321,C.U.B. ERASME - Bruxelles,BEL,Belgium,https://cdn.rawgit.com/lipis/flag-icon-css/master/flags/4x3/be.svg
322,Royal Lancaster Infirmary,UK,UK,https://cdn.rawgit.com/lipis/flag-icon-css/master/flags/4x3/gb.svg
323,University of Michigan Schools of Medicine & Public Health,USA,USA,https://cdn.rawgit.com/lipis/flag-icon-css/master/flags/4x3/us.svg
324,Russells Hall Hospital,UK,UK,https://cdn.rawgit.com/lipis/flag-icon-css/master/flags/4x3/gb.svg
325,Countess of Chester Hospital,UK,UK,https://cdn.rawgit.com/lipis/flag-icon-css/master/flags/4x3/gb.svg
326,Servico de Medicina Intensiva,POR,Portugal,https://cdn.rawgit.com/lipis/flag-icon-css/master/flags/4x3/pt.svg
327,Tunbridge Wells Hospital,UK,UK,https://cdn.rawgit.com/lipis/flag-icon-css/master/flags/4x3/gb.svg
328,Mid Cheshire Hospital,UK,UK,https://cdn.rawgit.com/lipis/flag-icon-css/master/flags/4x3/gb.svg
329,West Cumberland Hospital,UK,UK,https://cdn.rawgit.com/lipis/flag-icon-css/master/flags/4x3/gb.svg
330,The Royal Oldham Hospital,UK,UK,https://cdn.rawgit.com/lipis/flag-icon-css/master/flags/4x3/gb.svg
331,Betsi Cadwaladr University Health Board,UK,UK,https://cdn.rawgit.com/lipis/flag-icon-css/master/flags/4x3/gb.svg
332,Addenbrookes Hospital,UK,UK,https://cdn.rawgit.com/lipis/flag-icon-css/master/flags/4x3/gb.svg
333,Mid Yorkshire Hospitals NHS Trust,UK,UK,https://cdn.rawgit.com/lipis/flag-icon-css/master/flags/4x3/gb.svg
334,Good Hope Hospital,UK,UK,https://cdn.rawgit.com/lipis/flag-icon-css/master/flags/4x3/gb.svg
335,Darlington Memorial Hospital,UK,UK,https://cdn.rawgit.com/lipis/flag-icon-css/master/flags/4x3/gb.svg
336,Marmara University Hospital,TUR,Turkey,https://cdn.rawgit.com/lipis/flag-icon-css/master/flags/4x3/tr.svg
337,Medway NHS Foundation Trust,UK,UK,https://cdn.rawgit.com/lipis/flag-icon-css/master/flags/4x3/gb.svg
338,University Hospitals Plymouth,UK,UK,https://cdn.rawgit.com/lipis/flag-icon-css/master/flags/4x3/gb.svg
339,Royal Blackburn Hospital,UK,UK,https://cdn.rawgit.com/lipis/flag-icon-css/master/flags/4x3/gb.svg
340,Medway Maritime Hospital,UK,UK,https://cdn.rawgit.com/lipis/flag-icon-css/master/flags/4x3/gb.svg
341,The William Harvey hospital,UK,UK,https://cdn.rawgit.com/lipis/flag-icon-css/master/flags/4x3/gb.svg
342,Jessa Hospital in Hasselt,BEL,Belgium,https://cdn.rawgit.com/lipis/flag-icon-css/master/flags/4x3/be.svg
343,Ashford & St Peter’s Hospital NHS Foundation Trust,UK,UK,https://cdn.rawgit.com/lipis/flag-icon-css/master/flags/4x3/gb.svg
344,Milton Keynes University Hospital,UK,UK,https://cdn.rawgit.com/lipis/flag-icon-css/master/flags/4x3/gb.svg
345,The Spaarne Gasthuis,NED,Netherlands,https://cdn.rawgit.com/lipis/flag-icon-css/master/flags/4x3/nl.svg
346,University Hospitals of North Midlands NHS Trust,UK,UK,https://cdn.rawgit.com/lipis/flag-icon-css/master/flags/4x3/gb.svg
347,North Tyneside Hospital,UK,UK,https://cdn.rawgit.com/lipis/flag-icon-css/master/flags/4x3/gb.svg
348,Stockport NHS Foundation Trust,UK,UK,https://cdn.rawgit.com/lipis/flag-icon-css/master/flags/4x3/gb.svg
349,Sherwood Forest Hospitals NHS Foundation Trust,UK,UK,https://cdn.rawgit.com/lipis/flag-icon-css/master/flags/4x3/gb.svg
350,Maastricht University Medical Centre,NED,Netherlands,https://cdn.rawgit.com/lipis/flag-icon-css/master/flags/4x3/nl.svg
351,Epsom and St Helier,UK,UK,https://cdn.rawgit.com/lipis/flag-icon-css/master/flags/4x3/gb.svg
352,University Hospital of North Durham,UK,UK,https://cdn.rawgit.com/lipis/flag-icon-css/master/flags/4x3/gb.svg
353,University Hospital Lewisham,UK,UK,https://cdn.rawgit.com/lipis/flag-icon-css/master/flags/4x3/gb.svg
354,Whittington Health NHS Trust,UK,UK,https://cdn.rawgit.com/lipis/flag-icon-css/master/flags/4x3/gb.svg
355,Harrogate District Hospital,UK,UK,https://cdn.rawgit.com/lipis/flag-icon-css/master/flags/4x3/gb.svg
356,The Rotherham NHSFT,UK,UK,https://cdn.rawgit.com/lipis/flag-icon-css/master/flags/4x3/gb.svg
357,Royal United Hospital Bath NHS Foundation Trust,UK,UK,https://cdn.rawgit.com/lipis/flag-icon-css/master/flags/4x3/gb.svg
358,Worcestershire Royal Hospital,UK,UK,https://cdn.rawgit.com/lipis/flag-icon-css/master/flags/4x3/gb.svg
359,The Dudley Group NHS Foundation Trust,UK,UK,https://cdn.rawgit.com/lipis/flag-icon-css/master/flags/4x3/gb.svg
360,Sozialmedizinisches Zentrum Süd - Kaiser-Franz-Josef-Spital,AUS,Australia,https://cdn.rawgit.com/lipis/flag-icon-css/master/flags/4x3/au.svg
361,Hospital Da Luz,POR,Portugal,https://cdn.rawgit.com/lipis/flag-icon-css/master/flags/4x3/pt.svg
362,Bolton NHS Foundation Trust,UK,UK,https://cdn.rawgit.com/lipis/flag-icon-css/master/flags/4x3/gb.svg
363,North Middlesex University Hospital NHS Trust,UK,UK,https://cdn.rawgit.com/lipis/flag-icon-css/master/flags/4x3/gb.svg
364,Northern General Hospital,UK,UK,https://cdn.rawgit.com/lipis/flag-icon-css/master/flags/4x3/gb.svg
365,Saiseikai Utsunomiya Hospital,JAP,Japan,https://cdn.rawgit.com/lipis/flag-icon-css/master/flags/4x3/jp.svg
366,Unité de Recherche Clinique,FRA,France,https://cdn.rawgit.com/lipis/flag-icon-css/master/flags/4x3/fr.svg
367,Bristol Royal Infirmary,UK,UK,https://cdn.rawgit.com/lipis/flag-icon-css/master/flags/4x3/gb.svg
368,UCSF,USA,USA,https://cdn.rawgit.com/lipis/flag-icon-css/master/flags/4x3/us.svg
369,Gateshead Health NHS Foundation Trust,UK,UK,https://cdn.rawgit.com/lipis/flag-icon-css/master/flags/4x3/gb.svg
370,Leeds Teaching Hospitals NHST,UK,UK,https://cdn.rawgit.com/lipis/flag-icon-css/master/flags/4x3/gb.svg
371,North West Anglia NHS Foundation Trust,UK,UK,https://cdn.rawgit.com/lipis/flag-icon-css/master/flags/4x3/gb.svg
372,East and North Hertfordshire NHS Trust,UK,UK,https://cdn.rawgit.com/lipis/flag-icon-css/master/flags/4x3/gb.svg
373,University College London Hospitals NHS Foundation Trust,UK,UK,https://cdn.rawgit.com/lipis/flag-icon-css/master/flags/4x3/gb.svg
374,Buckinghamshire Healthcare NHS Trust,UK,UK,https://cdn.rawgit.com/lipis/flag-icon-css/master/flags/4x3/gb.svg
375,York Teaching Hospital,UK,UK,https://cdn.rawgit.com/lipis/flag-icon-css/master/flags/4x3/gb.svg
376,Walsall Healthcare NHS Trust,UK,UK,https://cdn.rawgit.com/lipis/flag-icon-css/master/flags/4x3/gb.svg
377,The Christie NHS Foundation Trust,UK,UK,https://cdn.rawgit.com/lipis/flag-icon-css/master/flags/4x3/gb.svg
378,Glan Clwyd Hospital,UK,UK,https://cdn.rawgit.com/lipis/flag-icon-css/master/flags/4x3/gb.svg
379,Royal Albert Edward Infirmary,UK,UK,https://cdn.rawgit.com/lipis/flag-icon-css/master/flags/4x3/gb.svg
380,Northern Lincolnshire and Goole NHS Foundation Trust,UK,UK,https://cdn.rawgit.com/lipis/flag-icon-css/master/flags/4x3/gb.svg
381,LCRN North West Coast,UK,UK,https://cdn.rawgit.com/lipis/flag-icon-css/master/flags/4x3/gb.svg
382,Blackpool Teaching Hospitals NHS Foundation Trust,UK,UK,https://cdn.rawgit.com/lipis/flag-icon-css/master/flags/4x3/gb.svg
383,Great Ormond Street,UK,UK,https://cdn.rawgit.com/lipis/flag-icon-css/master/flags/4x3/gb.svg
384,Hospital Ramon y Cajal,SPA,Spain,https://cdn.rawgit.com/lipis/flag-icon-css/master/flags/4x3/es.svg
385,Withybush General Hospital,UK,UK,https://cdn.rawgit.com/lipis/flag-icon-css/master/flags/4x3/gb.svg
386,Taunton and Somerset NHS Foundation Trust,UK,UK,https://cdn.rawgit.com/lipis/flag-icon-css/master/flags/4x3/gb.svg
387,Chonnam National University Hospital,SK,South Korea,https://cdn.rawgit.com/lipis/flag-icon-css/master/flags/4x3/kr.svg
388,The Jeroen Bosch Hospital,NED,Netherlands,https://cdn.rawgit.com/lipis/flag-icon-css/master/flags/4x3/nl.svg
389,United Lincolnshire Hospital Trust,UK,UK,https://cdn.rawgit.com/lipis/flag-icon-css/master/flags/4x3/gb.svg
390,Ospedale San Gerardo,ITA,Italy,https://cdn.rawgit.com/lipis/flag-icon-css/master/flags/4x3/it.svg
391,James Paget University Hospitals,UK,UK,https://cdn.rawgit.com/lipis/flag-icon-css/master/flags/4x3/gb.svg
392,St Bartholomews Hospital,UK,UK,https://cdn.rawgit.com/lipis/flag-icon-css/master/flags/4x3/gb.svg
393,Shrewsbury & Telford Hospital NHS Trust,UK,UK,https://cdn.rawgit.com/lipis/flag-icon-css/master/flags/4x3/gb.svg
394,Radboud Universitair Medisch Centrum,NED,Netherlands,https://cdn.rawgit.com/lipis/flag-icon-css/master/flags/4x3/nl.svg
395,Warwick Hospital,UK,UK,https://cdn.rawgit.com/lipis/flag-icon-css/master/flags/4x3/gb.svg
396,Children’s Health Ireland (CHI),IRE,Ireland,https://cdn.rawgit.com/lipis/flag-icon-css/master/flags/4x3/ro.svg
397,Chesterfield Royal Hospital NHS Foundation Trust,UK,UK,https://cdn.rawgit.com/lipis/flag-icon-css/master/flags/4x3/gb.svg
398,Klinikum München Bogenhausen,GER,Germany,https://cdn.rawgit.com/lipis/flag-icon-css/master/flags/4x3/de.svg
399,San Luis Potosi,MEX,Mexico,https://cdn.rawgit.com/lipis/flag-icon-css/master/flags/4x3/mx.svg
400,FNKV University Hospital,CZE,Czechia,https://cdn.rawgit.com/lipis/flag-icon-css/master/flags/4x3/cz.svg
401,Western General Hospital,UK,UK,https://cdn.rawgit.com/lipis/flag-icon-css/master/flags/4x3/gb.svg
402,"Policlinico of Padova, Padova",ITA,Italy,https://cdn.rawgit.com/lipis/flag-icon-css/master/flags/4x3/it.svg
403,Western Sussex Hospitals NHS Foundation Trust,UK,UK,https://cdn.rawgit.com/lipis/flag-icon-css/master/flags/4x3/gb.svg
404,"St. Boniface Hospital, Manitoba",CAN,Canada,https://cdn.rawgit.com/lipis/flag-icon-css/master/flags/4x3/ca.svg
405,Ziekenhuisgroep Twente,NED,Netherlands,https://cdn.rawgit.com/lipis/flag-icon-css/master/flags/4x3/nl.svg
406,Bedford Hospital NHS Trust,UK,UK,https://cdn.rawgit.com/lipis/flag-icon-css/master/flags/4x3/gb.svg
407,Oxford University Hospital,UK,UK,https://cdn.rawgit.com/lipis/flag-icon-css/master/flags/4x3/gb.svg
408,Royal Bournemouth and Christchurch Hospitals NHS Foundation Trust,UK,UK,https://cdn.rawgit.com/lipis/flag-icon-css/master/flags/4x3/gb.svg
409,Eastbourne District General Hospital,UK,UK,https://cdn.rawgit.com/lipis/flag-icon-css/master/flags/4x3/gb.svg
410,Warrington and Halton Teaching Hospitals NHS Foundation Trust,UK,UK,https://cdn.rawgit.com/lipis/flag-icon-css/master/flags/4x3/gb.svg
411,Sheffield Children’s Hospital,UK,UK,https://cdn.rawgit.com/lipis/flag-icon-css/master/flags/4x3/gb.svg
412,Worcestershire Acute Hospitals NHS Trust,UK,UK,https://cdn.rawgit.com/lipis/flag-icon-css/master/flags/4x3/gb.svg
413,"Dpto. Salud Pública, Universidad de La Fronter, Chile",CHI,Chile,https://cdn.rawgit.com/lipis/flag-icon-css/master/flags/4x3/cl.svg
414,"Nordsjaelland hospital, Denmark",DEN,Denmark,https://cdn.rawgit.com/lipis/flag-icon-css/master/flags/4x3/dk.svg
415,James Cook University Hospital,UK,UK,https://cdn.rawgit.com/lipis/flag-icon-css/master/flags/4x3/gb.svg
416,Lewisham and Greenwich NHS Trust,UK,UK,https://cdn.rawgit.com/lipis/flag-icon-css/master/flags/4x3/gb.svg
417,"Queen Elizabeth University Hospital, Glasgow University Hospital Monklands Airdrie",UK,UK,https://cdn.rawgit.com/lipis/flag-icon-css/master/flags/4x3/gb.svg
418,The Hospital for Sick Children (SickKids),CAN,Canada,https://cdn.rawgit.com/lipis/flag-icon-css/master/flags/4x3/ca.svg
419,casa di cura Villa Aurora,ITA,Italy,https://cdn.rawgit.com/lipis/flag-icon-css/master/flags/4x3/it.svg
420,University of Campania,ITA,Italy,https://cdn.rawgit.com/lipis/flag-icon-css/master/flags/4x3/it.svg
421,Monaldi Hospital,ITA,Italy,https://cdn.rawgit.com/lipis/flag-icon-css/master/flags/4x3/it.svg
422,Noordwest-ziekenhuisgroep,SPA,Spain,https://cdn.rawgit.com/lipis/flag-icon-css/master/flags/4x3/es.svg
423,Reina Sofia University Hospital,SPA,Spain,https://cdn.rawgit.com/lipis/flag-icon-css/master/flags/4x3/es.svg
424,Waitemata District Health Board,NZL,New Zealand,https://cdn.rawgit.com/lipis/flag-icon-css/master/flags/4x3/nz.svg
425,Hospital Puerta de Hierro Majadahonda,SPA,Spain,https://cdn.rawgit.com/lipis/flag-icon-css/master/flags/4x3/es.svg
426,Ziauddin University,PAK,Pakistan,https://cdn.rawgit.com/lipis/flag-icon-css/master/flags/4x3/pk.svg
427,Universitätsklinikum Jena,GER,Germany,https://cdn.rawgit.com/lipis/flag-icon-css/master/flags/4x3/de.svg
428,Somerset Partnership NHS Foundation Trust,UK,UK,https://cdn.rawgit.com/lipis/flag-icon-css/master/flags/4x3/gb.svg
429,Donaustauf hospital,GER,Germany,https://cdn.rawgit.com/lipis/flag-icon-css/master/flags/4x3/de.svg
430,Barmherzige Brüder Regensburg,GER,Germany,https://cdn.rawgit.com/lipis/flag-icon-css/master/flags/4x3/de.svg
431,Royal Surrey Hospital,UK,UK,https://cdn.rawgit.com/lipis/flag-icon-css/master/flags/4x3/gb.svg
432,Samaritan Purse,ITA,Italy,https://cdn.rawgit.com/lipis/flag-icon-css/master/flags/4x3/it.svg
433,Instituto de Infectologia Emílio Ribas,BRA,Brazil,https://cdn.rawgit.com/lipis/flag-icon-css/master/flags/4x3/br.svg
435,Civil Hospital Marie Curie,BEL,Belgium,https://cdn.rawgit.com/lipis/flag-icon-css/master/flags/4x3/be.svg
436,East Kent Hospitals University NHSFT,UK,UK,https://cdn.rawgit.com/lipis/flag-icon-css/master/flags/4x3/gb.svg
437,Central Manchester University Hospitals NHS Foundation Trust,UK,UK,https://cdn.rawgit.com/lipis/flag-icon-css/master/flags/4x3/gb.svg
438,South Tees Hospital NHS Foundation Trust,UK,UK,https://cdn.rawgit.com/lipis/flag-icon-css/master/flags/4x3/gb.svg
439,University Hospital of Wales,UK,UK,https://cdn.rawgit.com/lipis/flag-icon-css/master/flags/4x3/gb.svg
440,The Royal Wolverhampton NHST,UK,UK,https://cdn.rawgit.com/lipis/flag-icon-css/master/flags/4x3/gb.svg
441,Frimley Health NHFT,UK,UK,https://cdn.rawgit.com/lipis/flag-icon-css/master/flags/4x3/gb.svg
442,Aneurin Bevan University Health Board,UK,UK,https://cdn.rawgit.com/lipis/flag-icon-css/master/flags/4x3/gb.svg
443,Dorset County Hospital NHFT,UK,UK,https://cdn.rawgit.com/lipis/flag-icon-css/master/flags/4x3/gb.svg
444,UUM - Hospital de São José,POR,Portugal,https://cdn.rawgit.com/lipis/flag-icon-css/master/flags/4x3/pt.svg
445,McLeod Healthcare System,USA,USA,https://cdn.rawgit.com/lipis/flag-icon-css/master/flags/4x3/us.svg
446,Queen Elizabeth University Hospital,UK,UK,https://cdn.rawgit.com/lipis/flag-icon-css/master/flags/4x3/gb.svg
447,Liverpool Heart and Chest Hospital NHS Foundation Trust,UK,UK,https://cdn.rawgit.com/lipis/flag-icon-css/master/flags/4x3/gb.svg
448,Bronglais General Hospital,UK,UK,https://cdn.rawgit.com/lipis/flag-icon-css/master/flags/4x3/gb.svg
449,St James Hospital,IRE,Ireland,https://cdn.rawgit.com/lipis/flag-icon-css/master/flags/4x3/ro.svg
450,Hospital Universitário Clementino Fraga Filho UFRJ,BRA,Brazil,https://cdn.rawgit.com/lipis/flag-icon-css/master/flags/4x3/br.svg
451,Royal Brompton and Harefield NHFT,UK,UK,https://cdn.rawgit.com/lipis/flag-icon-css/master/flags/4x3/gb.svg
452,University Hospitals of Derby and Burton NHFT,UK,UK,https://cdn.rawgit.com/lipis/flag-icon-css/master/flags/4x3/gb.svg
453,Hospital de Especialidades Eugenio Espejo,EQU,Ecuador,https://cdn.rawgit.com/lipis/flag-icon-css/master/flags/4x3/ec.svg
454,Beacon Hospital,IRL,Ireland,https://cdn.rawgit.com/lipis/flag-icon-css/master/flags/4x3/ie.svg
455,Northampton General Hospital,UK,UK,https://cdn.rawgit.com/lipis/flag-icon-css/master/flags/4x3/gb.svg
456,Port Macquarie Base Hospital,AUS,Australia,https://cdn.rawgit.com/lipis/flag-icon-css/master/flags/4x3/au.svg
457,St. Marianna University School of Medicine,JAP,Japan,https://cdn.rawgit.com/lipis/flag-icon-css/master/flags/4x3/jp.svg
458,Southport and Ormskirk Hospital NHS Trust,UK,UK,https://cdn.rawgit.com/lipis/flag-icon-css/master/flags/4x3/gb.svg
459,Leiden University Medical Center,NED,Netherlands,https://cdn.rawgit.com/lipis/flag-icon-css/master/flags/4x3/nl.svg
460,Mid and South Essex University Hospitals Group,UK,UK,https://cdn.rawgit.com/lipis/flag-icon-css/master/flags/4x3/gb.svg
461,ISMETT,ITA,Italy,https://cdn.rawgit.com/lipis/flag-icon-css/master/flags/4x3/it.svg
462,Coöperatie Medisch Specialistisch Bedrijf (P),NED,Netherlands,https://cdn.rawgit.com/lipis/flag-icon-css/master/flags/4x3/nl.svg
463,East Suffolk and North Essex NHFT,UK,UK,https://cdn.rawgit.com/lipis/flag-icon-css/master/flags/4x3/gb.svg
464,Dunedin Public Hospital,NZL,New Zealand,https://cdn.rawgit.com/lipis/flag-icon-css/master/flags/4x3/nz.svg
465,Saolta University Healthcare Group,IRE,Ireland,https://cdn.rawgit.com/lipis/flag-icon-css/master/flags/4x3/ro.svg
466,Hospital naval Marcílio Dias,BRA,Brazil,https://cdn.rawgit.com/lipis/flag-icon-css/master/flags/4x3/br.svg
467,Pontifical Catholic University of Valparaíso,CHI,Chile,https://cdn.rawgit.com/lipis/flag-icon-css/master/flags/4x3/cl.svg
468,University Medical Center Groningen,NED,Netherlands,https://cdn.rawgit.com/lipis/flag-icon-css/master/flags/4x3/nl.svg
469,Royal Hampshire County Hospital,UK,UK,https://cdn.rawgit.com/lipis/flag-icon-css/master/flags/4x3/gb.svg
